66,195,93,79,198,43,52,40,187,209,125,27,69,68,153,73,13,4,56,11,53,170,158,142,224,9,174,191,186,160,208,57,154,191,184,233,10,80,23,113,144,47,188,113,243,237,174,253,158,23,12,127,141,236,82,62,139,18,2,184,33,151,56,72,228,32,54,189,250,30,40,3,171,52,228,151,232,192,141,71,184,254,113,197,75,175,233,20,240,50,118,87,13,187,254,48,65,128,142,64,173,136,203,61,106,245,39,163,196,129,54,196,219,210,170,92,172,153,170,89,50,79,37,52,46,220,46,92,237,145,224,77,173,132,113,47,196,133,208,86,37,149,110,170,252,148,187,0,63,249,210,188,116,96,167,42,175,243,33,96,147,206,70,54,251,204,10,44,245,76,18,244,250,34,232,16,168,141,185,192,174,9,178,139,35,110,146,211,96,22,65,58,109,16
21,244,208,125,221,95,201,200,61,100,24,63,18,130,36,195,143,51,80,170,127,84,184,152,7,66,12,44,32,6,82,211,168,251,4,147,239,18,167,185,244,42,100,200,129,2,14,103,56,25,87,7,157,67,62,116,249,191,17,83,187,252,235,5,29,153,60,23,202,121,143,191,18,120,171,230,165,26,208,94,124,148,153,251,229,89,192,223,152,135,213,65,166,32,67,23,14,43,0,121,195,52,85,133,71,180,147,152,252,199,219,102,19,107,251,147,225,224,181,181,196,96,154,40,75,55,79,130,108,175,157,97,174,76,141,132,36,48,146,41,89,131,50,19,252,175,239,242,100,236,125,145,40,56,184,195,87,89,233,116,213,164,30,129,152,137,169,16,12,140,161,151,43,70,143,149,176,107,194,245,157,149,30,233,94,145,7,252,116,175,185,214,80,57
224,107,218,2,101,60,67,168,241,221,120,122,14,164,106,45,117,145,89,26,99,38,73,136,46,242,165,215,89,75,183,163,100,58,26,242,8,220,16,92,227,128,110,8,36,32,71,171,122,77,13,152,175,53,13,129,27,29,46,175,158,132,144,252,101,182,209,54,154,216,88,11,169,250,181,177,188,18,84,76,87,194,197,213,148,141,106,199,151,5,223,105,132,247,89,183,31,126,209,220,35,230,221,196,245,103,113,23,6,147,249,35,189,51,148,186,86,235,0,107,139,209,234,129,187,255,98,216,202,218,229,245,95,41,3,171,8,149,44,246,117,165,207,167,129,75,253,194,199,53,215,100,47,254,182,8,197,253,231,135,65,35,148,196,250,111,161,244,20,232,24,42,116,225,56,9,97,6,42,87,171,5,217,249,179,45,235,156,73,41,185,7,227,154
163,225,119,84,99,121,246,54,172,80,116,240,100,188,183,196,233,109,65,50,16,248,85,206,171,115,98,107,120,167,219,230,35,253,217,173,14,71,230,57,217,201,169,187,234,148,103,177,186,139,136,3,196,193,202,144,131,114,10,141,56,211,143,187,78,38,157,26,252,161,248,88,92,140,41,176,176,148,13,242,255,160,254,92,247,26,148,100,70,125,194,246,96,182,185,68,222,225,206,212,11,47,190,131,211,149,46,204,87,53,220,19,169,135,7,92,216,40,117,222,170,59,127,203,8,57,3,218,8,161,223,0,29,26,125,80,195,56,109,190,26,30,200,101,88,184,19,79,220,212,76,224,97,233,254,214,221,14,182,132,219,176,158,205,88,74,159,151,59,37,79,62,213,219,1,245,98,4,139,250,122,228,237,84,95,173,226,16,196,84,80,127,218,17
81,55,63,57,84,220,99,28,210,54,12,28,128,145,40,55,74,97,172,213,52,135,24,208,144,183,161,37,114,1,102,30,200,200,192,72,75,111,212,31,126,10,110,102,52,6,63,252,171,41,101,151,189,151,253,19,37,40,31,219,225,38,88,97,65,135,155,1,109,14,40,218,172,84,52,115,107,146,33,64,141,212,49,147,160,119,44,130,36,194,231,59,84,174,234,187,197,36,99,38,95,159,180,212,137,213,28,197,211,8,84,135,120,126,155,99,65,60,113,95,65,66,77,33,57,54,174,61,44,6,3,170,89,187,64,110,152,224,54,50,247,77,63,192,25,21,62,37,66,161,128,69,152,8,72,65,30,195,71,209,145,242,111,224,146,6,109,226,29,200,74,232,102,217,220,119,92,4,1,56,28,104,50,179,190,150,62,229,119,69,3,236,97,25
196,20,138,5,123,191,37,52,17,141,208,167,90,124,57,166,48,128,179,46,9,37,5,216,191,208,118,77,98,183,141,143,99,48,177,216,25,104,184,185,119,128,77,247,169,209,187,73,174,57,198,156,173,90,251,62,75,58,61,242,151,68,98,109,49,105,14,194,207,205,239,113,178,44,62,228,152,50,215,69,67,72,189,39,198,52,42,192,221,179,75,134,156,87,245,149,91,208,169,79,3,244,127,138,199,173,252,86,57,70,76,129,188,158,96,93,225,96,101,39,114,208,251,119,82,54,113,190,73,134,163,94,27,70,155,12,74,49,3,34,238,193,246,20,210,116,119,254,240,60,239,207,52,34,231,253,140,9,217,236,41,77,148,199,225,130,110,76,9,174,252,76,37,90,68,111,160,112,111,148,188,102,26,171,55,93,1,43,255,155,73,156,240,200
139,96,26,126,234,95,88,21,254,204,202,196,228,170,211,160,140,236,115,69,89,135,90,18,1,225,154,47,243,230,233,100,168,240,148,23,231,143,108,255,120,169,8,147,9,27,63,97,29,166,158,80,74,86,16,41,140,153,15,3,245,71,237,212,205,45,158,62,218,136,188,226,183,166,189,0,48,104,115,154,194,190,82,22,214,85,176,205,176,175,67,203,73,220,111,84,244,23,182,224,41,46,218,154,211,149,143,41,192,235,146,195,145,226,107,17,176,125,165,226,45,91,228,250,39,231,123,20,128,0,10,238,213,143,205,62,42,241,80,114,101,142,11,8,15,127,119,241,193,203,124,23,134,93,181,108,231,228,14,223,236,123,224,106,191,162,20,84,64,90,85,117,204,252,34,255,86,179,234,119,142,41,211,141,36,95,30,64,25,50,126,207,49,34
84,195,131,206,131,33,163,82,16,46,12,27,53,248,46,10,202,161,106,59,89,105,240,231,241,168,146,207,99,164,163,103,154,237,222,137,223,97,219,57,198,15,89,49,72,214,182,130,4,247,99,98,230,242,100,95,113,84,151,235,4,60,207,80,67,239,182,88,171,232,226,7,54,230,35,213,16,71,197,221,138,194,218,145,188,250,211,74,174,128,153,135,220,109,246,5,163,77,182,111,133,138,207,15,186,174,162,13,173,111,189,108,255,120,149,54,36,97,47,205,220,51,15,123,181,117,144,8,234,244,12,61,231,63,255,142,245,165,177,219,93,225,141,99,254,10,221,44,206,67,9,50,133,17,114,54,132,34,187,74,232,48,157,97,40,114,73,40,115,66,189,151,212,36,76,155,212,71,82,124,157,77,116,180,173,2,202,201,104,241,61,233,146,80
136,14,99,63,177,144,51,65,33,143,14,147,193,93,76,144,180,98,31,70,107,79,143,233,49,115,17,140,43,155,136,195,87,206,138,16,254,160,82,31,149,3,20,48,249,84,106,36,113,92,67,185,185,210,197,169,25,8,75,83,125,226,148,18,236,83,103,204,215,188,222,180,125,226,143,85,64,65,185,131,112,208,75,168,248,83,203,62,206,41,180,195,102,147,15,0,84,201,109,144,6,149,114,97,147,82,212,96,38,155,104,188,207,25,79,29,70,53,93,149,97,47,46,179,128,233,44,188,89,16,140,162,227,170,159,69,134,0,42,195,31,171,175,230,185,130,81,255,207,105,252,154,108,134,234,133,246,240,46,180,226,102,215,147,242,7,80,141,237,151,145,213,35,98,63,86,148,189,167,2,71,252,11,159,38,244,59,41,134,251,143,4,189,222
69,241,5,212,24,202,73,73,141,217,21,196,219,69,161,175,34,168,146,161,40,176,122,0,128,253,65,194,205,143,224,49,255,97,156,70,225,24,33,73,131,4,232,156,151,187,46,108,130,62,239,157,227,17,129,53,242,140,54,120,134,171,38,247,40,171,132,227,166,18,113,25,167,112,200,197,150,34,57,208,174,93,3,220,9,240,56,83,81,233,79,211,132,83,93,49,118,106,111,251,211,141,72,228,209,132,184,162,27,126,146,150,226,32,85,211,191,103,202,143,165,156,76,231,53,107,222,76,200,152,34,188,146,246,4,68,200,80,42,146,81,76,216,254,207,79,56,58,248,187,32,234,49,127,96,21,13,180,113,146,206,246,39,109,72,98,63,25,90,78,203,41,195,208,113,51,193,142,17,143,172,88,81,98,194,26,43,81,32,49,92,247,75,32
72,168,156,158,51,31,170,247,240,218,203,61,67,32,188,95,10,233,49,142,120,204,219,20,10,116,79,77,146,105,88,160,31,109,204,10,38,17,106,75,111,94,198,142,9,168,46,134,31,132,193,113,235,158,195,156,87,173,241,161,23,120,35,73,32,227,195,92,195,81,166,45,208,91,150,82,28,197,12,224,176,97,118,10,57,184,46,178,93,241,180,47,207,89,122,18,197,20,85,53,235,210,235,49,152,161,57,29,184,94,200,26,30,72,43,44,147,183,95,163,227,111,149,139,111,206,246,185,221,86,200,201,240,192,13,93,99,155,46,105,237,28,227,105,79,47,31,187,123,193,71,85,55,237,146,173,137,120,222,35,95,220,205,113,19,233,213,224,148,91,20,61,17,116,89,175,83,124,156,43,90,147,215,215,99,74,39,4,23,155,109,54,41,26
237,7,35,74,155,33,156,178,102,176,81,217,107,126,109,52,44,114,183,78,192,68,18,199,48,247,234,74,78,150,24,169,200,213,189,15,133,13,143,163,93,232,234,183,210,236,197,166,26,127,194,71,220,38,66,30,163,237,208,221,33,121,121,94,134,109,5,116,202,248,150,184,23,161,133,59,120,163,181,213,101,19,242,99,100,50,180,113,236,112,150,155,58,164,232,180,189,134,84,217,205,37,158,3,230,245,141,49,55,129,203,114,35,8,203,114,242,240,9,52,175,99,221,225,60,94,240,174,230,130,152,58,27,158,211,134,220,155,199,152,116,74,233,118,133,138,156,35,8,61,206,107,157,63,119,138,45,33,30,57,69,48,159,114,218,82,148,176,57,105,140,192,90,249,126,166,129,94,9,77,7,86,155,68,106,102,49,21,156,188,94,94,126,234
216,198,105,96,110,14,71,132,22,59,40,134,32,26,157,7,93,248,84,148,34,68,10,26,142,241,118,6,39,73,49,51,38,189,127,78,208,244,37,235,211,194,86,254,29,192,183,214,43,42,92,245,1,41,99,32,113,141,15,42,105,245,134,182,107,93,224,35,81,227,232,218,145,201,64,37,14,10,248,83,54,16,226,116,92,231,80,252,15,76,28,253,89,78,157,188,53,253,76,141,220,75,41,68,49,110,17,122,72,17,84,126,118,226,71,223,133,179,116,50,211,58,88,120,120,62,217,141,23,171,162,251,246,220,204,22,184,241,129,30,70,80,110,207,24,168,215,8,79,48,167,71,170,59,131,37,64,189,151,90,137,65,26,120,210,77,198,105,146,212,40,180,122,202,248,134,147,145,54,144,85,145,86,154,226,230,31,31,210,81,57,92,213,175
218,22,220,128,50,102,135,142,128,223,155,175,11,190,184,12,87,144,67,228,142,152,240,207,210,10,72,115,45,230,97,59,184,173,214,46,2,214,126,200,60,124,110,223,20,69,190,119,25,70,204,82,195,220,3,22,129,86,26,252,0,90,112,109,218,101,34,251,99,248,218,168,1,121,104,205,175,216,182,236,63,138,107,126,70,10,244,88,243,199,120,91,164,44,170,137,125,148,41,137,134,201,76,222,188,158,44,24,54,38,236,183,4,161,179,218,40,200,209,49,225,190,125,141,234,214,112,52,102,155,163,166,112,193,183,31,179,28,100,171,134,96,87,217,76,251,106,189,191,95,188,228,106,40,71,42,230,221,88,245,200,180,243,191,223,86,243,183,108,148,103,212,70,165,194,250,110,31,88,245,200,233,22,214,75,206,226,148,251,251,181,79,93,26
158,211,138,19,161,41,22,254,90,233,193,239,179,244,4,77,100,115,10,21,208,171,58,52,136,142,56,235,225,192,201,226,170,202,52,98,47,91,156,225,28,240,236,241,54,188,98,43,250,182,52,46,6,58,237,173,54,78,208,203,250,140,203,26,141,168,81,10,204,79,39,35,102,198,105,210,12,188,204,143,43,58,225,231,44,184,204,28,214,203,203,214,239,24,106,213,62,133,215,52,130,231,153,166,97,39,68,73,133,18,158,197,251,5,176,234,187,138,66,170,101,79,16,89,48,173,35,118,39,235,45,80,171,78,24,156,217,226,18,26,246,204,166,217,117,237,177,158,4,105,206,46,98,141,179,228,225,172,97,255,54,137,109,5,65,220,142,211,78,137,169,18,56,121,59,182,14,23,28,175,197,70,98,246,163,151,74,164,78,26,251,243,140,38
239,121,246,31,76,236,164,85,233,145,68,106,76,169,80,204,212,147,119,5,41,235,181,135,189,198,42,171,11,23,222,60,147,169,253,179,15,142,51,23,233,76,169,49,76,241,136,35,220,185,80,126,26,169,168,250,168,227,207,74,68,38,40,57,72,207,200,72,197,71,84,166,0,212,189,37,219,232,228,160,62,148,31,78,49,163,190,132,234,138,164,240,117,162,183,167,30,73,152,127,180,27,206,46,233,88,204,144,226,224,204,65,85,66,175,189,248,136,187,102,119,164,67,188,207,184,235,96,175,84,23,118,40,124,3,192,21,22,227,253,165,251,5,229,159,251,157,9,5,31,192,133,199,43,26,252,226,190,229,225,134,161,108,98,48,174,49,79,135,30,155,11,173,4,232,145,228,200,172,255,223,24,190,211,132,157,174,136,12,89,220,77,116,236
59,33,228,175,7,136,232,82,228,225,40,185,75,240,164,49,111,171,85,34,8,182,176,116,52,125,122,102,98,14,71,181,160,153,76,150,131,195,113,174,141,238,179,0,72,86,104,30,198,176,17,97,230,207,237,18,236,15,208,58,253,29,52,217,226,239,187,138,201,233,77,115,65,243,0,3,103,72,139,28,15,145,16,13,118,197,66,151,210,237,83,117,162,69,238,245,74,17,233,93,71,195,162,113,45,160,14,104,124,35,144,36,212,94,39,153,105,136,149,57,154,67,210,80,127,136,213,45,126,123,175,138,98,126,132,63,158,61,70,23,70,76,197,8,56,179,134,88,252,65,216,7,15,97,167,3,60,109,131,73,198,35,68,200,165,103,137,216,34,240,25,39,184,115,155,97,194,15,99,200,38,200,82,201,169,4,217,52,72,213,31,27,155,2
163,115,15,104,137,237,96,127,134,194,208,208,228,16,30,34,237,237,203,198,146,7,121,195,235,43,248,100,177,196,68,116,230,247,145,81,161,119,109,231,248,105,102,202,141,195,182,161,37,229,99,0,1,254,149,24,176,77,209,188,117,61,121,39,231,121,123,131,180,133,156,149,183,51,228,21,73,70,214,79,155,255,172,221,73,7,150,253,78,61,1,196,5,184,153,149,161,182,239,101,36,153,5,249,54,184,156,80,240,75,188,55,231,183,109,164,56,211,0,37,156,203,208,71,230,32,204,124,218,189,22,181,108,165,85,187,248,9,108,222,205,246,120,63,0,124,120,40,142,129,47,55,74,196,18,21,135,204,85,97,159,181,19,211,155,244,18,174,141,107,137,144,118,77,244,34,88,83,93,88,226,250,198,240,111,206,214,168,155,172,9,35,100,134
5,84,193,186,240,80,199,222,217,119,80,240,179,235,185,202,20,212,96,24,194,58,200,63,133,165,48,95,65,213,251,212,219,121,137,220,76,44,26,13,92,205,182,5,146,159,85,57,248,253,118,211,205,222,159,161,100,220,136,194,20,74,212,73,123,15,46,70,30,209,121,142,139,3,69,82,222,172,238,83,72,7,239,250,239,79,21,40,222,63,157,159,81,239,8,164,14,78,67,195,11,14,80,123,162,93,142,213,145,108,11,68,131,219,235,151,82,111,42,215,197,240,244,175,188,100,181,201,124,60,160,146,57,131,62,230,238,191,199,48,12,24,26,244,180,12,208,131,173,17,98,197,252,149,199,195,237,90,25,50,53,45,111,44,222,11,138,8,86,50,227,161,63,171,162,131,129,107,138,51,69,37,203,240,126,65,22,21,225,228,241,103,144,189
206,64,114,231,245,130,208,158,154,217,181,225,93,121,254,219,195,3,111,4,158,69,94,161,48,149,232,10,4,148,216,71,167,245,106,174,137,111,67,239,52,6,242,128,1,211,125,146,174,135,69,186,31,255,18,161,216,185,172,26,140,83,86,81,36,32,101,53,242,126,71,154,89,128,229,247,64,65,180,161,218,56,69,154,95,232,145,142,5,5,150,210,86,177,174,46,76,48,20,200,223,144,223,120,69,4,166,111,249,65,127,88,59,187,198,58,233,0,100,178,240,154,154,32,123,17,6,73,119,208,134,1,81,93,149,34,146,180,6,216,128,91,152,55,126,4,93,119,127,168,61,129,91,11,139,89,65,62,38,227,194,217,242,29,92,20,245,183,40,121,193,129,202,13,113,26,56,130,139,101,39,117,242,148,91,108,87,244,241,60,161,133,238,16
196,163,153,71,59,128,164,185,90,192,125,205,88,138,33,79,127,70,67,171,23,95,83,254,6,116,236,112,165,245,124,210,229,51,185,255,201,55,178,208,200,17,86,197,165,224,77,32,237,207,108,203,174,145,127,32,77,100,197,213,114,54,166,149,238,154,93,222,179,106,195,224,74,252,138,14,233,2,19,71,84,94,133,183,105,141,186,36,123,9,152,113,165,84,98,244,75,24,187,171,36,245,164,101,139,22,49,154,158,151,207,69,2,62,74,68,28,235,229,147,210,199,90,21,110,160,250,126,128,46,119,66,162,233,177,55,225,70,137,58,206,22,234,45,221,236,78,174,205,226,146,180,120,42,122,64,237,236,134,171,210,54,212,50,238,159,132,62,17,197,59,205,142,226,75,85,226,219,60,99,92,176,108,249,152,199,212,195,20,100,79,187,1,49
124,161,77,50,169,172,57,51,172,7,87,213,221,157,27,218,210,106,135,124,127,32,55,173,66,43,97,181,99,22,238,204,195,193,145,12,240,71,118,124,101,110,4,19,243,177,83,161,3,190,102,145,154,215,2,121,158,75,9,146,173,56,223,75,98,232,85,123,18,208,78,218,159,25,142,195,90,158,32,28,136,92,126,134,252,234,156,237,197,147,85,56,35,205,139,149,79,245,241,21,119,203,12,248,8,134,100,240,105,224,97,197,170,35,236,140,138,38,112,44,217,39,98,245,252,159,216,124,104,28,168,255,69,8,26,201,178,191,71,161,91,122,212,9,125,253,254,47,94,29,167,188,117,69,75,66,3,45,61,160,12,27,229,39,255,87,32,173,54,133,172,98,226,244,158,221,102,126,198,195,26,23,18,233,194,10,14,202,103,56,153,30,205,44
134,93,84,113,34,227,99,186,107,89,68,61,181,239,44,47,86,82,64,191,57,10,162,69,85,255,113,45,149,75,60,15,217,34,50,78,68,21,114,232,124,28,210,252,122,144,133,81,11,125,170,154,223,245,129,5,174,29,126,154,216,13,218,173,181,124,124,221,136,184,231,203,53,167,26,246,140,159,50,57,169,94,195,17,89,202,236,14,152,223,14,93,54,208,230,59,27,61,81,45,112,183,113,16,253,0,66,59,121,204,119,204,37,42,129,199,76,119,152,121,61,80,215,19,222,127,197,6,60,84,150,112,79,204,178,73,139,3,114,102,249,74,26,90,237,205,28,30,87,26,74,30,249,114,101,80,8,170,61,147,16,235,144,196,51,57,196,176,188,136,231,116,101,201,218,213,68,111,17,52,249,111,210,155,80,173,114,87,158,179,253,243,176,125
50,56,148,89,76,96,126,82,66,69,154,89,221,9,167,5,223,220,96,117,31,85,208,248,47,138,174,178,116,142,182,176,227,76,207,25,46,132,20,27,200,161,159,202,153,52,237,152,35,225,177,65,73,217,186,65,65,222,132,233,209,20,165,48,170,9,21,23,130,5,114,210,12,46,121,218,225,245,107,225,204,120,4,190,231,192,3,92,44,33,159,209,188,82,39,7,85,170,151,211,57,101,74,99,141,209,143,218,197,130,27,179,116,43,230,43,148,176,23,199,207,17,140,55,123,247,91,89,73,137,152,61,136,172,255,220,156,204,145,55,48,114,216,87,55,98,15,41,47,51,73,228,206,54,124,44,223,177,46,12,11,233,191,244,76,150,11,90,1,119,71,250,1,102,176,221,96,221,204,130,142,31,188,2,78,100,170,146,73,181,107,134,84,11
168,209,165,189,130,32,150,225,255,63,66,190,172,190,0,88,148,205,190,112,228,161,211,234,60,184,39,210,26,241,140,130,120,98,90,47,129,53,241,117,109,216,31,71,114,37,175,118,165,160,152,21,161,166,157,94,156,142,102,12,230,255,131,38,225,45,235,5,249,129,33,118,249,184,82,89,102,22,233,192,21,163,54,112,135,247,77,237,8,63,41,132,167,202,240,13,32,70,12,165,62,209,201,50,56,243,186,61,41,182,201,75,77,81,81,193,208,90,191,132,47,125,241,200,57,176,151,34,225,208,95,119,204,86,210,33,143,191,241,99,9,18,140,128,36,18,10,156,47,121,207,204,90,186,98,131,197,50,139,171,204,4,16,112,236,185,18,159,4,173,102,198,161,197,130,5,52,108,80,169,8,42,112,198,49,250,139,245,137,124,255,22,39,253
245,202,232,36,69,139,37,203,109,148,189,144,51,136,106,17,108,186,160,3,91,119,54,1,159,17,24,104,134,185,55,183,132,210,124,137,60,140,24,76,65,89,225,6,254,248,78,176,158,140,24,19,36,99,65,223,77,117,15,78,63,124,46,44,32,46,116,245,205,184,110,53,149,254,84,17,60,104,124,161,3,21,186,227,44,84,234,36,103,206,110,141,155,27,243,231,195,9,217,190,38,109,107,169,143,188,14,69,123,0,7,53,65,150,145,170,120,159,23,201,63,106,125,34,147,245,43,4,119,169,76,186,31,124,45,158,136,30,93,247,43,204,162,218,31,216,106,16,12,26,85,153,1,98,14,166,28,7,239,38,168,221,190,254,78,179,135,36,68,77,54,68,35,240,186,230,187,197,83,126,116,230,161,176,226,255,161,105,22,159,54,232,157,138
168,144,224,155,61,72,59,84,207,140,165,120,109,178,241,108,49,112,118,46,132,167,40,232,74,57,64,172,125,137,75,77,57,114,242,202,150,90,207,122,76,218,41,80,194,139,44,146,39,230,45,131,82,48,10,43,133,156,217,228,174,168,129,242,53,156,138,185,93,242,17,192,48,255,54,102,169,65,238,7,154,123,172,104,180,226,13,195,253,83,78,74,118,224,205,41,102,75,41,228,8,171,187,205,151,209,96,87,246,60,199,48,126,140,155,249,112,164,237,178,174,209,143,111,87,230,217,227,34,16,158,22,128,186,219,227,172,24,121,110,60,100,163,190,215,246,144,35,145,248,208,41,181,132,245,72,130,41,54,232,17,239,1,130,150,224,235,183,249,93,69,8,65,157,75,105,238,211,100,242,48,131,200,216,26,156,69,165,110,160,50,168,23,104
99,242,4,178,252,90,146,89,92,82,127,141,195,249,87,237,205,146,168,106,246,45,140,227,8,39,170,37,104,183,150,151,118,77,37,46,163,164,186,4,64,218,11,118,233,126,75,164,61,49,96,172,138,46,157,174,60,255,64,9,191,181,171,182,37,191,155,86,59,4,235,184,247,29,14,186,138,98,140,87,160,26,72,249,125,147,103,214,190,238,7,78,136,35,194,4,35,62,59,8,108,80,238,233,5,90,36,22,148,198,58,145,117,227,53,230,146,0,36,33,93,69,94,250,215,86,193,93,21,160,75,203,225,254,251,17,152,177,25,90,24,39,164,65,117,10,229,4,76,10,107,166,139,33,247,17,4,34,98,6,238,86,103,136,2,138,54,233,152,189,9,167,116,6,121,85,225,14,213,252,235,178,132,116,115,203,186,135,44,175,94,239,74,92
157,70,4,129,152,77,108,152,101,251,181,60,153,69,12,99,235,178,232,113,103,206,164,41,251,10,61,80,77,144,36,48,116,31,133,101,92,245,175,109,51,78,3,124,216,83,186,126,197,132,4,6,244,254,172,63,205,112,68,254,149,106,201,160,83,90,182,169,49,193,199,10,38,96,125,151,10,209,215,93,249,215,62,145,40,127,136,244,93,180,123,84,51,144,108,99,232,197,68,193,163,11,100,68,51,156,178,107,12,6,195,75,7,113,144,25,115,250,211,239,213,185,140,109,236,27,233,104,27,21,125,93,195,133,171,157,242,198,205,104,71,61,85,155,214,239,119,182,193,219,148,129,252,8,150,153,223,14,93,118,145,240,20,118,102,28,169,11,23,81,141,116,15,125,152,245,166,202,203,141,242,181,184,174,216,181,64,107,104,201,204,175,100,106
145,26,36,253,90,130,36,118,160,57,54,50,227,57,198,81,215,129,230,103,129,121,166,127,100,200,132,139,247,188,252,120,122,140,182,152,206,51,143,30,242,232,103,34,173,119,10,6,113,98,31,45,71,130,88,242,205,175,161,7,109,98,73,195,238,190,77,150,75,66,196,95,208,36,43,111,79,110,100,208,109,186,159,246,166,196,251,223,251,234,92,126,80,187,156,185,221,106,4,107,6,55,25,86,107,5,202,165,34,8,131,40,129,143,120,225,166,61,107,237,95,92,51,55,251,103,247,120,12,142,110,110,130,137,243,221,114,123,173,111,81,79,30,243,168,117,153,67,43,72,145,237,74,185,45,71,78,29,137,102,247,40,187,108,249,175,133,43,191,149,102,126,166,87,246,212,249,20,115,94,92,217,145,31,222,112,75,91,22,76,164,134,215,107
142,140,246,127,129,216,20,231,215,177,48,93,249,196,103,254,248,58,185,63,133,231,68,12,188,99,147,183,188,243,244,85,224,113,72,233,18,147,178,191,152,207,29,86,186,39,212,155,91,121,167,94,185,68,138,231,232,53,99,103,174,114,82,55,77,24,204,195,135,215,213,241,177,89,101,201,13,133,41,217,188,229,110,236,124,157,198,71,75,206,119,97,22,47,18,28,99,23,81,47,194,23,105,189,43,111,153,114,164,89,242,94,156,129,198,72,193,12,12,170,168,255,195,122,237,159,23,168,190,24,183,75,85,54,122,229,155,152,168,39,39,81,175,167,244,207,163,67,179,214,33,218,154,231,20,177,77,73,14,209,223,102,193,66,117,248,121,255,227,90,175,33,161,48,45,87,194,129,60,84,247,217,141,14,80,78,220,223,65,242,114,182,73,38
63,189,160,217,224,221,68,12,17,193,87,184,31,205,155,63,33,141,234,127,89,50,26,153,30,112,84,133,54,221,136,232,89,47,43,152,191,219,167,125,206,65,143,83,104,101,108,123,222,234,59,125,7,220,253,169,189,5,248,115,234,247,145,44,29,163,42,109,53,54,224,18,227,254,17,178,151,100,113,65,153,212,211,186,11,120,152,233,31,78,213,251,51,101,118,118,232,33,16,53,144,180,221,48,39,250,247,32,219,170,220,32,20,73,36,111,97,149,85,121,244,74,166,240,154,208,127,137,228,94,141,95,7,99,158,56,127,83,89,156,73,137,72,43,27,33,21,41,113,11,120,245,230,190,121,205,244,139,16,239,137,142,244,37,189,26,209,168,35,139,235,144,116,249,125,124,190,189,121,190,20,219,244,195,30,61,110,185,166,233,242,44,225,247
46,248,252,165,225,131,217,124,207,192,205,238,197,119,83,89,230,234,236,114,215,120,35,157,208,149,140,238,165,205,112,195,146,185,243,61,31,44,125,151,39,75,89,211,180,117,93,122,14,100,249,134,1,86,160,183,255,137,68,181,117,213,21,26,155,66,178,170,166,234,85,124,116,237,126,38,205,17,169,115,145,59,243,223,26,140,252,136,96,129,62,38,85,52,10,158,118,183,24,81,14,223,81,99,119,221,213,6,244,200,158,190,175,95,133,109,65,103,191,2,93,63,177,140,32,184,22,124,185,78,232,116,18,47,184,215,46,215,184,158,46,163,199,155,129,172,26,200,8,214,59,160,89,93,111,16,135,60,30,216,110,189,156,88,56,149,99,241,90,70,36,21,94,133,110,121,9,9,202,45,153,115,184,143,73,219,58,3,111,144,79,116,107,250
164,69,235,54,86,182,193,29,61,133,143,180,64,17,97,30,97,136,74,230,187,226,161,255,183,254,240,246,124,241,139,158,174,8,14,72,133,91,158,34,44,238,114,83,109,219,60,66,74,109,150,55,77,201,70,152,202,51,62,161,96,207,226,21,163,143,132,69,222,250,139,5,190,132,147,125,149,154,14,238,129,255,22,243,134,164,82,23,185,225,188,55,79,204,216,189,142,249,68,133,189,129,141,158,91,165,148,15,62,197,228,108,187,160,133,146,182,204,7,143,48,111,220,237,133,169,144,58,194,80,189,222,32,130,199,21,196,204,159,103,26,96,145,18,232,153,211,241,20,90,115,12,136,245,169,248,82,109,94,191,137,33,110,202,104,86,234,240,178,139,108,1,127,244,249,53,94,131,33,134,76,16,125,189,239,129,34,223,227,221,212,135,225,236
182,69,235,247,48,199,156,2,206,12,206,131,80,54,21,197,56,175,206,67,201,218,46,110,187,126,64,195,228,229,170,177,235,246,164,195,155,120,231,204,222,11,215,105,34,17,222,244,71,104,70,193,197,177,209,244,231,229,44,121,191,74,248,10,94,106,160,159,33,57,118,133,87,65,0,33,231,98,184,64,131,228,184,214,11,57,45,236,44,157,144,33,183,42,82,67,79,14,44,70,136,159,164,91,174,211,55,219,189,172,186,128,128,45,15,28,41,249,51,252,176,202,225,234,79,251,169,188,160,233,244,53,77,51,190,252,174,147,216,118,203,91,211,190,81,29,206,137,101,132,156,109,90,53,233,223,242,1,46,181,31,180,118,205,45,203,244,183,69,233,223,129,108,198,172,140,120,211,151,180,34,138,164,119,151,192,90,90,125,224,103,123,227,78
222,98,46,250,132,246,52,138,149,244,202,194,227,14,56,6,103,224,103,74,164,127,10,76,222,242,252,106,202,5,149,118,208,165,108,156,35,225,237,145,180,214,91,171,128,95,9,163,38,226,185,244,224,242,246,54,124,79,134,132,191,139,29,178,89,84,44,169,185,167,64,139,63,85,216,171,33,196,188,187,8,36,250,88,167,37,121,188,180,196,116,146,196,93,193,107,117,99,221,144,79,239,169,72,241,9,50,65,100,82,13,43,120,191,215,107,142,251,245,33,221,228,141,239,130,144,221,245,227,166,191,38,7,188,213,69,223,221,16,76,44,231,114,203,62,117,45,82,68,106,115,173,247,230,20,227,200,191,158,201,144,237,87,34,212,81,178,27,14,182,113,114,196,130,126,91,163,8,196,232,61,3,48,71,158,102,213,144,147,255,94,158,132,202
4,183,210,73,236,131,224,254,56,204,218,167,5,27,178,222,255,79,173,247,42,134,165,18,219,32,130,85,253,160,75,48,195,228,83,103,187,89,164,162,142,8,67,34,92,226,193,159,72,144,77,250,107,197,40,107,175,158,17,205,234,227,183,151,238,239,117,9,94,94,9,144,143,166,249,188,123,87,179,99,60,238,200,122,131,231,136,119,44,139,69,194,152,62,65,250,50,128,250,96,167,204,63,121,134,27,211,86,118,229,203,212,87,211,61,21,175,31,60,235,172,134,38,238,81,107,1,49,72,94,0,88,189,89,70,188,12,126,219,33,90,19,202,94,24,182,95,156,117,106,219,193,122,185,139,63,8,254,95,61,98,77,234,203,31,102,154,135,5,222,188,116,235,211,96,137,209,116,208,51,56,47,236,8,11,1,238,84,244,180,4,201,19,125
135,200,198,237,62,104,214,55,44,15,38,175,149,18,203,195,215,87,225,86,225,14,236,174,183,43,120,111,14,58,202,102,179,107,174,67,43,78,38,67,168,225,201,169,63,198,163,6,191,133,207,112,164,122,106,96,199,214,176,68,5,234,204,231,93,177,216,135,6,184,243,73,190,252,42,74,64,27,157,98,98,34,122,105,253,150,58,99,247,231,21,235,199,34,73,207,12,220,34,248,8,159,209,213,27,203,128,213,104,200,103,71,172,248,87,209,120,184,153,165,138,112,146,150,128,232,177,226,110,55,71,201,178,203,12,180,84,249,215,22,46,228,247,137,135,199,152,58,27,80,28,42,123,231,129,207,2,157,49,126,87,178,209,149,8,17,8,45,125,60,111,46,100,183,66,162,92,70,15,185,199,66,175,104,143,54,92,252,197,159,205,105,90,111
203,140,90,195,14,113,94,141,180,27,23,39,132,199,176,72,22,132,175,71,108,215,68,244,209,56,97,61,158,204,222,173,23,238,44,24,54,170,53,48,134,126,186,42,89,28,206,216,212,77,241,223,207,54,233,52,131,193,181,19,110,236,172,39,251,27,109,19,140,226,41,46,232,221,216,25,80,8,170,191,1,217,52,29,165,187,170,81,50,245,38,127,70,140,157,243,231,201,46,168,221,99,223,11,85,47,149,158,117,234,146,46,117,133,215,47,80,149,59,0,158,151,118,127,116,62,19,47,89,178,240,6,181,69,73,240,125,168,37,222,226,149,205,150,209,115,223,30,124,159,114,41,13,154,181,222,87,241,245,205,119,153,141,122,100,208,29,168,91,24,150,153,91,86,98,150,64,37,210,153,237,237,59,102,183,12,48,157,225,191,145,203,172,60
37,211,194,212,104,225,38,235,188,87,177,20,78,209,57,175,85,2,194,139,72,104,12,59,236,30,72,112,6,229,244,222,139,0,125,231,194,186,130,133,226,183,102,225,243,27,158,193,176,220,129,134,213,73,153,242,87,55,146,121,202,202,103,139,79,237,179,233,68,38,155,215,144,192,43,23,226,34,133,250,240,36,189,109,129,159,163,125,212,27,182,172,94,116,98,98,36,33,202,149,148,201,241,101,100,86,63,164,7,48,132,90,159,109,4,133,99,16,114,85,152,46,58,164,2,169,165,206,214,67,22,237,86,249,41,141,131,202,165,230,152,36,18,148,82,88,2,81,241,124,89,157,131,83,175,186,68,93,43,216,53,198,30,112,48,115,120,94,139,41,182,12,143,4,248,64,153,246,160,204,211,99,233,57,199,23,50,115,51,247,213,129,57,5
3,207,130,215,66,82,38,30,44,25,216,142,29,53,91,139,5,145,21,241,60,157,239,63,222,95,130,107,139,70,86,146,253,74,5,220,191,183,84,213,11,63,56,112,1,79,229,75,249,7,15,253,65,162,61,132,237,101,171,235,2,27,201,198,52,64,22,195,110,193,243,59,62,66,148,95,184,243,103,244,71,212,130,83,133,250,155,254,55,61,14,53,44,203,25,139,218,186,182,197,49,214,232,235,84,134,153,77,18,13,232,179,198,2,97,33,0,162,9,150,39,21,120,33,252,24,42,225,211,145,14,99,152,2,220,110,224,168,219,243,236,137,3,169,46,91,6,247,7,73,134,187,109,143,72,1,136,86,163,238,247,10,152,75,18,176,46,74,167,168,69,215,105,101,12,250,43,17,86,175,17,217,164,120,212,46,157,47,73,233,136,52,7,128
44,38,161,126,156,152,23,37,248,5,206,195,28,159,232,59,217,231,159,139,141,140,162,37,27,158,18,94,85,129,173,1,71,60,20,228,214,241,50,47,91,67,36,42,243,76,206,34,42,241,99,225,100,226,191,209,209,114,248,253,173,129,76,250,201,177,35,249,167,110,211,166,106,116,82,82,142,30,105,133,142,240,139,242,90,122,89,34,78,170,131,34,215,138,123,173,160,33,61,83,190,116,33,118,108,147,93,48,44,94,125,179,227,129,72,226,79,77,3,107,224,142,157,94,131,104,205,37,243,156,150,171,250,254,78,124,76,60,144,206,202,203,129,126,224,84,16,141,223,92,21,206,16,208,0,122,245,218,189,28,229,174,121,113,172,63,210,183,18,176,55,61,231,136,213,136,251,218,116,116,223,202,104,81,15,75,195,40,32,98,51,103,229,100
115,78,211,231,93,234,151,245,253,240,146,162,164,198,1,97,18,139,31,103,151,87,235,125,44,152,39,14,209,254,56,133,53,93,181,30,34,153,116,179,164,144,206,77,226,24,57,240,52,230,94,108,38,123,77,176,80,8,54,226,181,76,180,74,244,123,159,90,50,151,99,232,38,170,220,173,8,111,153,139,118,166,218,171,3,12,254,252,191,165,146,250,71,219,252,183,202,198,216,97,85,15,54,211,88,46,207,82,92,210,113,243,250,176,82,62,45,187,52,250,205,131,50,26,112,170,51,137,41,180,49,10,72,178,82,251,36,16,27,209,167,232,22,147,93,226,15,153,66,191,193,172,70,244,26,207,67,97,133,123,51,26,100,118,234,135,246,186,237,234,85,235,46,125,133,168,205,117,141,30,96,111,26,221,73,1,82,95,18,3,230,21,11,95
129,215,164,108,218,124,169,64,71,157,127,155,117,82,26,137,211,248,111,139,230,125,111,179,76,118,111,116,215,73,194,193,70,60,189,132,211,178,155,126,170,210,32,140,151,16,138,129,106,64,115,195,171,89,239,196,136,252,208,157,12,88,34,73,46,56,86,164,56,129,63,1,28,6,6,227,94,133,83,39,116,112,58,58,53,65,200,94,23,8,208,232,13,82,174,8,209,222,18,41,39,89,41,215,2,98,36,54,171,198,183,219,226,124,73,211,132,71,222,4,217,153,105,17,63,126,40,120,255,239,135,88,125,133,138,15,229,190,97,171,101,135,22,17,25,20,51,186,236,32,209,40,196,71,72,85,50,98,244,89,36,37,199,27,197,118,22,208,129,88,23,162,114,95,217,169,122,24,103,58,250,124,43,236,119,234,36,209,198,224,64,50,187,85
178,224,208,128,123,75,74,181,9,227,197,88,188,212,230,137,115,54,110,129,183,54,179,97,230,194,10,198,105,137,228,225,72,47,99,235,232,22,133,20,233,252,163,230,131,58,237,91,101,30,9,96,157,30,187,106,249,58,42,34,147,4,91,73,164,199,51,159,3,158,203,71,90,248,165,141,103,34,211,97,34,105,51,179,88,118,155,2,174,45,77,50,198,239,209,216,213,33,179,236,91,94,48,36,94,209,210,233,10,233,124,80,208,6,54,63,209,144,222,70,131,22,226,51,54,117,165,35,189,171,70,116,208,87,245,194,215,98,136,160,77,104,98,2,57,71,106,183,204,102,181,49,211,113,98,222,129,209,251,28,160,225,72,213,96,66,223,176,91,139,130,3,25,228,251,77,38,182,6,190,251,74,57,74,72,105,27,41,26,193,90,3,117,171
15,86,74,209,133,181,6,9,195,197,159,120,100,60,226,207,138,129,65,135,239,236,27,210,56,123,169,4,151,117,155,212,186,121,57,213,157,141,126,199,111,250,196,91,29,25,237,30,119,16,132,207,127,80,147,235,71,16,98,6,215,190,158,28,160,189,100,183,237,35,213,36,152,80,115,26,84,76,75,157,16,147,47,169,45,146,41,95,120,191,67,171,68,74,159,216,169,51,67,6,138,245,223,217,107,105,232,133,235,92,33,89,190,226,13,17,41,173,48,38,72,94,62,109,19,245,95,12,134,105,12,218,87,230,66,142,150,235,153,134,173,30,119,23,51,128,228,181,140,48,92,107,222,62,242,138,144,228,203,117,159,221,11,112,155,148,156,156,248,169,1,181,151,169,107,37,188,23,28,109,15,195,12,172,118,205,162,131,207,83,190,135,87,109
181,175,98,13,82,50,107,156,234,248,198,191,213,53,64,77,45,76,119,1,172,247,201,30,154,14,23,38,0,107,17,199,114,216,200,81,64,14,126,186,109,175,26,72,125,53,221,211,5,115,34,215,96,87,92,177,195,63,190,233,137,88,48,197,131,29,26,90,199,125,198,210,4,172,168,166,125,44,135,90,168,179,184,43,105,114,46,82,181,26,88,29,147,180,74,218,28,230,167,52,46,153,104,169,120,7,131,231,205,91,113,116,246,75,44,94,242,187,40,55,63,235,81,114,1,114,97,55,209,158,195,49,12,24,161,208,21,165,117,186,145,203,222,207,43,78,61,131,100,190,106,227,112,113,123,26,241,157,32,183,139,168,246,252,229,29,141,172,132,78,211,118,46,75,101,140,22,116,181,147,41,183,75,87,123,236,10,10,87,33,5,11,215,140
114,1,63,254,178,224,253,142,127,138,60,93,8,211,249,190,87,95,126,177,61,190,142,112,243,149,227,214,122,54,83,89,106,201,240,223,141,55,139,148,86,249,54,47,51,39,141,227,249,188,63,70,98,62,101,174,234,166,9,225,244,84,100,202,137,206,9,88,172,39,170,134,90,166,131,229,247,219,148,71,216,184,116,132,38,184,194,214,81,217,172,163,14,222,15,193,188,68,173,149,11,67,83,193,19,235,219,57,149,234,49,107,251,113,120,223,76,229,165,44,233,216,215,232,254,236,62,104,184,52,155,92,233,159,47,43,28,31,108,192,97,141,137,183,123,110,54,142,208,74,196,252,75,22,205,71,241,16,124,184,161,12,134,76,197,151,108,83,151,167,232,179,109,126,88,183,194,29,72,145,129,250,7,254,28,196,33,1,173,97,110,91,41,47
90,249,20,46,73,154,182,128,90,174,55,200,171,255,29,107,96,180,81,52,43,205,199,88,195,152,212,5,109,233,211,109,61,182,254,19,135,41,146,69,1,252,170,12,240,156,157,39,11,206,113,247,237,41,128,202,122,136,39,227,244,227,105,242,142,99,162,7,6,82,102,64,87,203,198,254,114,209,118,215,185,54,130,44,44,2,226,67,104,88,103,80,208,189,170,189,240,25,159,33,61,70,181,153,166,41,90,140,140,33,137,63,203,142,25,195,46,164,27,92,121,16,155,112,140,145,188,230,63,186,24,141,74,199,102,254,183,123,82,83,250,178,83,58,54,201,186,210,31,42,97,224,35,170,168,142,148,196,171,188,84,66,182,133,67,222,46,81,115,200,0,12,119,192,66,174,3,44,182,71,60,98,144,253,8,221,105,125,72,65,170,171,105,107
103,243,20,160,72,188,128,202,8,229,108,252,153,27,180,147,93,50,42,28,154,204,11,130,105,236,175,231,205,192,119,127,112,71,77,55,151,244,191,196,70,98,69,91,115,94,137,172,6,226,151,25,175,201,221,173,60,153,176,200,10,232,231,8,240,57,182,212,110,195,66,203,176,200,152,146,126,36,96,79,47,252,106,37,164,21,223,133,99,246,159,39,155,241,120,65,3,136,224,184,126,22,83,54,83,100,207,183,151,2,247,43,21,124,105,189,77,171,127,23,173,66,45,52,170,117,242,105,65,171,91,109,200,234,21,110,28,74,136,71,250,155,225,166,222,63,146,152,93,30,66,54,233,22,226,208,68,113,232,78,65,152,207,48,146,26,122,86,22,27,104,254,39,19,37,133,192,202,252,143,138,82,13,32,5,236,50,27,37,5,81,137,110,18
121,156,115,125,169,31,143,254,35,126,67,164,246,230,29,243,138,195,213,190,227,67,1,69,113,145,165,47,214,155,224,81,227,166,178,11,177,202,176,235,213,223,45,83,200,3,217,69,234,99,70,240,50,146,99,26,157,132,102,118,163,117,98,170,158,108,61,105,197,174,189,23,140,217,132,50,67,149,25,151,58,103,58,246,88,0,156,23,111,160,22,14,206,172,13,246,167,252,133,91,75,76,4,192,22,1,12,157,32,254,98,67,82,213,77,12,92,69,87,123,42,157,25,146,210,33,140,65,172,67,72,119,216,209,228,126,138,23,33,131,81,200,69,238,2,165,187,121,64,16,252,1,0,12,20,27,69,227,25,178,203,71,148,190,244,224,191,39,158,57,2,211,82,214,255,26,38,180,24,136,250,250,195,178,181,183,147,179,157,21,250,117,246,74
254,196,183,67,200,28,86,162,218,132,120,136,250,167,179,115,99,74,161,103,136,154,47,113,38,26,230,34,173,247,203,246,144,100,255,19,123,54,83,101,67,30,25,87,251,186,227,195,239,50,229,108,132,167,203,92,88,205,31,227,129,141,34,217,237,26,148,121,44,30,96,107,219,221,207,164,126,142,141,148,240,58,19,78,72,100,190,108,23,83,42,56,103,153,20,215,228,172,122,38,47,204,209,169,113,213,102,69,27,169,210,196,177,206,65,170,179,74,0,21,246,247,18,3,255,9,193,213,91,70,220,204,41,52,176,53,89,7,92,134,0,35,87,38,110,181,218,203,35,166,181,100,61,31,77,95,240,53,61,158,9,70,146,183,97,151,33,43,82,195,219,163,86,102,88,145,67,118,73,33,174,15,154,101,247,104,223,65,89,166,99,13,238,171
109,106,217,169,78,213,232,72,179,81,97,20,21,213,170,244,206,84,234,207,149,91,213,16,141,166,143,92,141,188,71,148,80,24,22,248,130,141,242,151,87,163,44,7,145,40,67,41,125,215,33,41,118,195,231,222,113,123,40,66,175,202,43,173,89,166,91,117,226,209,86,247,43,129,200,70,246,201,195,28,94,129,178,219,56,189,214,222,168,52,119,48,200,1,59,174,49,183,190,112,83,122,128,6,252,94,94,109,62,91,118,28,138,199,147,94,217,98,192,208,219,37,65,175,164,135,214,22,113,186,61,194,62,213,18,183,88,104,186,16,19,166,192,242,10,169,167,151,15,202,65,185,26,3,86,139,148,53,183,71,18,240,82,204,29,89,163,252,101,248,18,11,156,89,253,62,7,38,61,206,78,240,96,61,45,157,251,251,33,238,166,54,242,178
48,228,68,219,34,169,93,7,163,186,127,150,76,34,235,72,249,149,62,26,232,50,101,148,113,61,10,123,132,58,118,222,254,147,243,72,147,6,211,175,215,73,29,232,246,74,232,88,254,187,17,219,223,5,102,11,213,109,212,157,184,191,1,5,240,95,184,212,242,53,59,126,249,247,226,146,5,168,8,169,36,4,83,103,250,250,77,196,248,78,129,252,173,243,119,15,225,95,100,179,90,188,109,106,18,168,79,26,216,129,83,109,75,222,78,120,77,93,158,65,250,206,4,122,94,107,207,233,190,248,6,248,79,218,48,43,232,231,72,208,193,22,25,80,72,170,202,102,251,206,126,254,153,229,224,89,199,82,89,239,140,74,166,172,192,23,124,194,91,154,253,50,135,167,72,242,133,39,113,217,117,166,162,148,20,106,250,224,7,183,200,77,124,138
236,27,183,66,64,216,113,43,193,176,195,151,69,36,87,94,52,2,158,42,120,78,114,125,216,96,142,135,236,174,33,224,155,171,191,150,74,140,178,194,58,24,82,200,233,207,90,254,58,242,60,212,11,238,136,165,132,36,244,171,147,27,105,183,187,105,122,181,70,170,194,49,227,208,193,52,94,2,200,251,172,111,193,105,1,75,27,2,110,233,177,102,144,196,190,83,152,39,239,239,170,99,113,219,171,104,108,7,40,231,239,173,97,86,229,179,122,69,70,154,254,144,105,195,221,53,163,87,145,71,203,255,121,137,62,8,56,130,29,239,20,43,34,223,248,71,106,52,207,205,233,243,217,58,190,35,35,26,127,41,51,9,98,165,158,123,57,203,135,211,42,60,188,154,197,232,25,133,2,110,125,253,100,94,103,150,10,3,4,188,159,236,82,212
158,226,49,248,128,252,65,87,143,126,48,161,155,85,157,133,205,205,115,209,54,209,120,148,50,53,125,145,105,231,123,225,61,130,79,236,155,200,241,124,42,231,131,47,48,48,92,12,92,9,70,102,138,10,99,194,79,114,132,36,101,65,175,144,29,186,47,88,72,39,148,249,116,111,212,78,234,44,8,44,249,223,112,19,207,155,56,195,143,86,159,32,167,1,96,119,0,197,75,207,182,215,238,34,176,196,163,50,7,217,193,130,37,252,229,132,130,94,214,90,22,249,236,223,212,122,195,201,252,52,35,252,41,230,66,247,58,229,238,54,141,231,199,171,79,189,74,122,222,84,152,198,77,105,15,161,62,55,43,0,116,82,251,93,243,241,200,116,155,23,166,83,192,93,254,171,231,61,157,6,37,80,162,192,173,76,56,146,3,99,230,223,137,80
124,137,163,42,101,184,169,55,188,39,243,143,141,63,139,213,125,216,202,203,71,209,183,101,83,200,16,21,58,116,45,52,102,173,239,222,19,35,214,57,66,53,241,161,116,14,254,159,214,104,242,47,181,175,218,201,244,222,207,190,98,192,225,132,61,56,124,144,253,7,105,166,130,195,21,77,238,110,209,111,3,79,74,223,90,248,130,222,222,197,83,224,202,224,121,101,248,50,90,164,242,119,96,144,231,236,106,183,49,203,16,204,73,4,148,116,92,21,112,241,42,10,255,106,201,133,63,81,100,30,102,180,0,220,132,68,41,2,192,203,108,253,56,33,237,25,209,132,152,129,79,216,44,70,190,95,187,206,205,168,101,201,211,140,253,215,233,204,1,50,130,125,222,210,6,79,75,4,114,230,226,143,221,39,237,111,173,160,152,1,41,163,102,107
209,151,145,102,82,114,147,135,189,41,79,133,106,5,240,223,112,102,168,12,213,18,85,170,22,135,24,31,30,195,217,137,209,170,92,247,142,155,49,91,40,211,59,166,106,247,191,254,131,12,7,235,220,188,119,180,73,74,28,70,114,26,115,135,248,116,5,231,249,37,243,245,24,32,169,193,199,149,239,76,124,106,89,66,63,178,30,244,29,146,231,98,52,103,80,174,151,107,234,189,12,26,117,27,161,131,231,220,3,143,169,211,92,203,63,71,227,140,222,196,27,16,195,141,244,167,115,240,36,88,219,174,201,248,111,73,185,54,17,213,107,82,35,124,253,121,32,17,171,160,57,83,73,89,90,177,57,252,31,130,238,138,60,29,10,94,184,11,198,94,122,201,119,72,104,233,91,181,244,247,227,206,22,252,123,12,230,62,237,231,232,194,140,200
2,104,158,52,137,37,155,100,46,30,203,185,216,159,166,198,243,48,242,207,25,197,21,159,154,200,131,71,219,226,224,5,16,240,127,241,85,145,226,168,50,154,218,239,221,31,15,217,227,92,12,129,224,124,88,6,52,120,195,253,202,54,14,168,21,174,182,227,197,68,151,86,195,33,172,68,252,29,4,0,63,143,227,40,153,54,36,24,154,117,43,219,187,194,61,151,208,42,56,49,253,231,8,200,62,39,235,186,42,37,255,93,123,155,181,219,222,37,83,46,14,233,91,157,1,44,75,25,14,219,162,80,118,105,135,234,46,109,236,52,138,10,229,113,223,68,110,66,186,144,137,71,157,177,14,87,94,55,78,164,232,230,88,213,13,138,180,21,97,122,39,124,71,20,60,246,64,219,188,176,244,188,76,74,81,177,121,33,236,170,217,33,116,148
194,132,20,155,164,207,11,206,141,194,34,128,22,7,181,204,53,135,200,147,6,33,32,54,243,219,23,168,235,183,110,16,78,105,156,167,66,149,86,190,46,155,96,19,235,181,131,66,49,125,244,181,217,178,242,126,171,241,244,136,248,250,24,6,173,112,244,62,86,242,151,234,52,30,79,37,96,55,112,189,179,114,29,177,105,221,73,16,158,142,225,181,110,55,152,225,18,49,94,200,199,83,181,123,193,17,200,54,255,216,161,215,110,224,196,52,183,36,0,40,89,229,84,200,239,203,135,248,114,6,221,253,80,127,198,210,101,164,123,134,196,160,218,211,171,148,10,123,112,109,55,1,147,7,193,93,129,222,120,181,130,102,26,93,232,23,39,181,59,118,103,96,28,243,45,213,253,167,135,110,231,75,43,134,94,101,248,211,194,53,92,221,38,51
27,47,253,134,78,77,82,6,5,184,221,177,217,152,60,8,163,9,75,118,104,113,236,93,81,191,253,107,59,160,112,21,93,67,13,157,113,84,235,238,99,51,25,21,75,10,2,125,86,221,84,97,243,157,122,56,226,158,127,123,130,43,194,173,143,169,111,220,42,207,225,124,86,104,185,178,228,39,184,95,160,227,130,160,91,194,243,11,24,157,124,6,97,69,90,148,179,201,112,139,49,70,137,226,200,135,107,138,192,114,126,168,161,155,242,76,196,10,118,162,240,85,39,104,165,168,150,162,106,21,191,5,1,142,205,1,191,86,135,249,65,111,46,194,30,149,25,29,53,126,29,141,174,85,205,144,39,58,242,142,134,238,70,59,148,224,73,95,56,243,228,168,230,44,143,119,127,94,112,5,189,169,72,47,148,12,149,2,21,75,74,245,185,218
101,108,59,53,146,92,237,145,201,129,64,95,71,18,13,184,174,122,115,6,28,55,226,91,5,105,90,35,13,63,245,103,83,2,37,115,108,109,27,222,108,172,44,142,206,63,195,115,181,147,101,106,86,167,174,239,61,102,23,8,52,186,213,101,4,213,176,217,17,77,123,230,39,130,10,106,222,134,2,27,108,77,91,115,97,255,23,80,132,176,199,69,144,49,243,180,60,76,60,136,2,156,249,147,24,111,24,5,181,246,108,122,178,51,148,143,26,87,141,231,188,111,160,44,193,17,194,206,35,114,226,143,64,196,83,246,119,85,191,8,124,252,135,78,26,67,36,162,38,179,242,127,13,154,96,178,86,180,186,156,169,81,30,86,167,249,212,136,63,77,56,40,205,251,91,119,68,134,170,93,110,54,14,196,245,204,70,59,214,98,85,244,193,242
61,135,127,133,54,134,15,146,111,116,113,147,180,127,56,58,236,78,48,222,110,61,106,125,150,96,32,24,192,180,162,218,250,21,201,163,14,185,4,252,138,145,255,177,195,113,167,243,218,136,166,221,109,253,0,135,73,181,174,125,246,145,101,40,109,116,161,120,169,234,250,60,183,91,8,58,173,97,56,3,233,114,84,132,49,174,88,64,214,143,8,84,107,31,134,9,94,10,160,19,38,188,35,85,43,74,117,121,92,173,211,33,95,195,228,168,26,110,230,253,243,27,200,140,209,25,35,223,85,161,10,46,190,64,226,86,104,63,38,226,120,213,244,70,150,112,0,119,146,120,16,1,213,0,225,173,211,50,106,221,39,168,121,9,193,97,86,255,142,195,71,74,204,111,46,107,161,216,117,76,109,86,147,116,140,115,182,88,169,49,184,51,251,69
228,32,114,105,177,22,26,8,246,213,143,237,1,6,14,43,91,121,4,88,160,39,241,210,204,223,88,130,16,216,211,109,236,253,69,72,146,108,210,180,171,5,83,245,144,239,16,176,45,97,128,80,157,36,235,72,47,199,9,152,45,237,207,225,146,220,234,17,91,195,54,97,36,46,156,228,101,248,2,79,5,45,155,90,6,27,196,32,14,189,84,82,225,141,91,189,143,253,188,42,163,127,131,242,13,193,226,65,134,140,129,140,183,14,105,88,128,192,116,229,196,162,233,219,71,15,140,59,86,35,35,151,219,28,2,153,222,2,197,172,137,109,155,111,69,148,53,136,99,50,93,17,157,134,51,60,85,189,219,197,149,118,94,116,155,230,185,16,175,231,204,89,155,52,216,83,106,150,233,99,242,128,237,156,177,45,178,112,109,190,82,209,45,83
121,213,155,98,79,13,196,30,174,24,100,39,0,89,76,89,151,128,159,254,3,49,103,84,177,64,55,71,107,172,179,247,198,218,156,221,156,16,212,17,7,191,64,7,141,166,6,8,220,26,28,190,142,39,97,246,213,139,150,217,17,239,25,145,22,194,78,255,229,146,191,255,211,18,226,137,235,47,164,207,34,2,251,217,56,220,8,26,74,243,47,48,224,231,254,55,170,65,96,23,44,50,220,177,67,224,143,25,140,124,211,68,40,245,239,132,172,148,32,91,82,105,165,119,128,145,140,211,116,66,211,43,209,195,183,221,45,63,46,115,43,185,191,246,83,124,237,53,87,105,98,224,14,234,164,0,44,17,51,47,209,205,144,89,58,160,47,4,220,200,66,136,245,80,47,50,170,214,207,140,202,202,1,184,18,181,205,242,170,218,178,207,195,31
91,193,214,122,186,61,228,226,38,198,39,10,66,65,17,27,141,199,172,171,32,147,162,202,79,96,43,227,57,105,2,9,63,50,144,68,178,113,102,31,102,202,51,155,59,75,83,42,206,126,134,118,77,150,31,165,175,19,3,90,56,166,52,149,146,129,227,140,173,121,205,41,196,118,118,45,249,45,132,19,250,212,232,140,32,28,54,151,38,67,219,72,86,188,119,117,73,245,165,30,185,98,65,10,107,229,255,245,171,91,104,216,250,157,201,30,37,64,131,142,137,104,139,58,201,227,35,128,82,145,59,185,188,30,135,44,20,232,114,101,238,230,42,129,158,83,50,110,24,6,218,242,184,129,164,162,45,221,2,25,171,20,71,38,2,210,230,204,86,19,168,43,17,75,210,169,86,210,81,221,63,227,223,99,6,115,166,191,200,37,171,93,92,213
210,217,95,227,189,108,65,82,104,10,3,202,182,38,93,150,0,131,77,221,49,69,83,15,216,145,13,103,146,144,199,237,98,158,32,203,235,1,130,29,117,75,18,198,64,125,63,185,167,117,16,3,150,60,4,127,136,61,163,8,129,26,239,74,249,49,117,208,86,106,96,241,213,99,112,69,110,241,25,135,115,91,137,207,123,62,224,141,116,163,116,34,51,25,86,49,143,45,171,145,207,146,16,230,246,213,54,139,60,115,198,19,166,6,191,155,15,2,246,10,188,14,206,138,84,5,104,138,37,108,88,63,238,182,186,125,206,133,225,222,133,118,29,4,144,156,74,254,17,154,7,15,205,42,203,143,57,49,178,190,158,244,123,33,66,253,186,67,12,31,239,81,80,218,157,246,29,238,194,102,85,51,168,226,183,148,144,110,37,138,53,176,151,148
69,174,127,250,155,143,234,196,208,83,96,12,156,117,92,130,96,72,181,152,17,205,54,62,190,27,224,167,74,198,6,53,253,64,108,15,75,71,52,241,53,192,27,221,73,119,232,23,135,171,142,32,63,123,244,172,33,53,164,201,115,172,251,112,136,80,111,10,232,141,37,124,102,214,63,95,120,221,103,124,226,122,143,184,42,107,232,20,140,35,45,117,175,241,163,46,153,235,150,168,1,243,167,39,71,10,37,100,100,65,107,141,109,89,154,176,201,179,179,162,31,255,167,156,10,162,45,52,109,157,245,85,138,63,165,143,77,150,85,130,66,118,29,82,31,88,61,115,103,36,158,250,29,169,157,158,103,200,194,162,179,217,59,181,247,126,244,214,26,105,141,57,140,235,92,32,205,154,192,35,112,224,26,51,185,6,201,62,34,180,245,253,137,252
129,110,51,185,234,58,84,155,112,214,103,136,5,65,44,77,45,125,13,62,7,127,145,220,217,153,91,240,255,174,167,223,76,17,78,72,9,242,119,255,121,128,209,114,26,143,53,65,110,6,59,239,67,116,116,46,130,13,226,172,48,190,173,98,30,191,81,188,224,183,79,45,233,166,184,73,180,158,162,181,234,53,43,169,102,211,132,44,162,207,207,34,163,176,14,101,254,25,138,61,135,81,212,126,16,176,153,194,235,158,27,199,74,151,184,23,37,73,4,127,205,200,195,3,67,192,146,191,29,15,64,188,88,101,181,218,152,200,138,215,60,156,229,105,94,12,119,226,84,143,91,207,170,82,34,92,2,48,158,133,148,220,101,121,220,198,24,56,85,245,42,127,51,248,37,80,133,204,80,27,153,17,13,78,219,3,255,151,204,131,20,114,151,200
90,33,86,18,34,20,52,19,5,124,14,218,189,243,52,100,161,193,140,103,35,76,196,3,74,1,51,223,247,73,27,94,178,154,229,239,208,209,79,194,113,234,120,241,33,47,131,255,78,50,246,134,74,188,212,17,108,232,222,248,94,202,48,76,150,21,19,39,219,11,220,179,206,230,90,218,6,246,76,81,56,234,200,247,119,61,140,226,86,12,13,232,89,26,14,125,44,41,208,246,142,3,154,132,216,53,231,158,201,115,161,113,87,248,173,189,91,8,140,21,97,191,220,159,106,41,238,54,249,145,54,41,90,158,249,32,40,70,79,254,137,72,151,47,182,190,55,46,243,72,114,101,249,156,180,20,151,40,210,55,6,240,41,79,91,80,185,248,86,108,176,199,183,165,80,45,31,42,21,150,93,157,156,239,26,238,229,113,165,11,167,91,216,189
44,56,38,50,65,189,136,133,18,140,140,110,140,25,147,54,185,98,52,102,111,102,246,218,74,144,25,157,113,111,107,53,230,0,156,46,213,16,196,160,5,71,129,109,188,128,28,142,66,94,91,212,29,240,125,131,67,95,60,162,56,233,28,4,27,61,245,245,173,150,72,63,12,111,226,250,12,15,161,162,189,218,25,163,153,20,136,144,25,80,97,196,127,92,65,238,137,30,227,246,200,138,248,18,190,187,235,72,65,149,69,173,199,239,145,9,223,199,153,35,12,117,209,92,27,7,199,11,223,245,200,165,246,218,143,175,128,104,29,35,60,132,67,155,227,78,61,131,86,94,238,47,234,57,136,43,206,126,10,231,236,61,204,162,145,5,49,171,199,125,242,6,199,248,197,68,85,113,192,54,160,143,87,113,159,58,83,7,42,52,43,182,190,133
81,243,122,103,179,157,76,71,58,208,108,181,210,34,232,52,179,88,230,16,181,3,16,180,150,245,162,246,4,182,32,32,188,68,14,52,217,187,59,90,71,90,116,226,47,12,3,23,17,217,168,125,150,54,154,227,72,246,16,16,232,30,170,144,170,17,126,241,157,48,24,225,164,130,6,102,108,105,141,118,98,3,195,84,91,24,213,149,14,208,52,252,197,136,67,129,88,219,115,57,187,186,102,194,176,6,111,0,22,98,138,220,53,199,108,221,87,86,209,63,164,63,223,53,139,208,16,37,170,75,105,146,222,182,21,102,64,9,67,62,124,68,243,186,71,174,138,179,19,16,171,46,153,194,154,133,84,4,99,75,54,101,186,176,81,61,209,1,36,214,111,246,182,162,156,70,38,128,36,36,248,21,195,113,90,78,234,28,245,194,179,104,177,124
58,31,38,200,20,127,41,191,167,9,116,66,190,187,155,103,9,98,151,151,218,167,36,189,113,119,181,215,201,33,199,239,13,168,8,123,39,166,11,3,172,130,232,225,2,151,119,81,194,244,2,25,246,46,206,213,227,0,64,42,44,144,226,99,104,99,55,209,1,14,8,70,228,33,55,62,14,220,210,179,0,19,25,115,70,103,234,67,153,70,186,136,42,29,118,27,224,84,15,2,221,145,18,7,165,175,223,67,51,1,141,39,91,242,47,11,154,215,235,164,8,248,98,111,72,91,76,99,182,19,165,114,211,33,230,77,32,69,240,139,165,149,88,234,255,42,59,243,43,21,14,62,98,163,97,95,16,232,87,39,91,87,51,22,133,5,127,201,232,118,34,168,36,135,99,121,75,240,138,72,99,169,13,23,99,49,64,127,81,37,217,235,119,96
155,239,250,88,35,70,238,36,147,130,179,166,35,10,151,168,51,234,73,205,218,57,104,122,124,247,12,46,190,53,74,83,247,49,175,26,241,164,212,113,217,210,66,148,65,119,18,43,117,233,25,90,175,42,67,175,18,245,165,226,81,159,231,129,32,193,81,254,191,102,245,170,28,123,91,36,96,83,35,131,197,42,102,68,216,39,210,162,91,39,131,197,101,175,28,37,57,34,148,128,89,44,247,251,203,76,202,236,122,255,242,191,15,193,156,229,165,76,150,132,136,33,213,168,194,44,160,88,246,81,125,120,231,185,47,63,66,253,21,108,212,56,189,99,174,106,77,62,148,106,209,28,33,50,47,240,225,75,254,58,14,0,190,98,29,111,179,219,118,25,78,205,104,186,41,238,95,150,117,127,120,13,23,54,209,179,132,168,216,136,120,39,139,3
235,162,63,178,49,151,5,41,197,251,62,213,254,50,89,9,160,27,207,232,159,218,250,188,32,39,215,198,151,59,48,247,242,127,203,160,110,62,77,160,214,139,239,168,6,252,85,87,179,26,71,106,219,62,59,40,159,70,5,251,221,16,148,128,245,194,207,60,226,129,134,116,222,213,227,115,202,226,66,207,148,32,106,206,58,117,107,29,158,236,172,83,211,74,220,219,228,213,127,60,188,224,75,102,129,179,17,225,163,87,43,65,218,31,40,53,186,185,110,226,149,224,144,237,6,223,132,40,185,41,212,209,39,128,99,30,0,215,212,171,225,34,95,165,62,187,201,56,222,85,138,190,32,35,184,88,165,196,15,95,128,47,63,127,192,202,13,21,98,110,98,123,204,186,57,247,136,44,169,22,177,70,33,224,57,97,85,215,43,109,198,223,85,36
21,203,114,233,240,215,41,227,111,86,56,222,81,205,119,167,64,68,9,35,238,238,221,88,126,34,88,99,156,255,152,254,253,95,196,236,225,179,147,213,89,88,107,167,197,172,112,120,127,246,125,50,36,27,243,145,201,191,185,24,59,140,64,58,187,86,252,8,133,88,218,68,23,45,127,140,81,216,28,65,59,47,96,218,130,40,249,170,247,8,54,252,16,210,219,124,26,144,14,57,253,31,240,170,35,87,100,13,234,46,243,101,65,237,86,81,186,219,73,129,33,194,29,9,94,89,211,222,63,242,232,89,221,105,32,104,181,20,53,3,217,123,23,166,53,29,174,11,168,181,92,6,95,144,178,179,227,176,7,70,12,0,14,139,49,250,189,125,222,39,197,239,207,6,240,251,98,6,170,227,67,247,86,135,223,50,166,131,4,90,106,194,174,128
94,121,94,148,227,6,201,48,16,206,243,38,1,234,11,17,221,247,61,82,199,225,146,223,210,233,171,100,111,3,46,65,251,255,37,28,245,154,148,70,253,107,7,168,39,34,243,108,236,187,199,219,14,117,115,210,205,34,130,49,107,138,182,170,61,204,187,163,148,217,127,189,163,65,83,91,80,94,58,245,104,75,48,170,245,29,174,48,9,205,229,35,10,25,137,61,7,109,67,182,191,103,109,124,106,94,95,155,125,208,215,226,68,189,52,57,58,187,43,132,204,80,233,88,111,58,106,145,207,88,134,139,92,60,159,200,163,209,122,191,109,191,252,106,25,56,138,101,183,5,195,75,16,124,93,226,172,89,30,236,27,22,48,81,9,192,2,229,91,249,183,188,18,229,119,233,239,29,56,35,99,179,103,128,9,71,142,20,198,239,160,240,106,232
110,183,237,9,108,212,174,4,147,185,94,28,64,117,98,110,224,111,10,31,77,248,245,74,8,19,99,18,235,236,80,172,224,119,81,168,56,28,13,172,100,178,25,252,69,40,40,36,56,161,108,183,55,22,77,49,230,96,175,207,234,71,155,134,133,80,136,124,170,100,151,32,208,21,86,161,182,26,78,231,123,224,97,77,69,46,102,158,83,141,103,97,161,35,128,225,129,230,5,156,20,164,73,184,242,55,29,111,105,106,247,222,216,11,11,44,19,232,245,193,232,188,9,121,241,173,119,213,112,237,106,240,193,138,174,197,239,16,223,47,230,153,230,253,151,152,79,125,207,125,61,35,247,167,82,2,193,65,111,137,180,76,11,33,27,205,82,226,161,115,3,255,222,169,158,93,214,153,170,29,50,189,222,151,198,204,119,165,219,212,105,66,178,212
137,180,132,6,176,105,77,33,70,170,95,88,58,35,216,104,232,68,235,50,182,197,179,151,49,224,211,148,75,57,137,44,38,73,255,42,50,107,122,159,184,3,181,172,39,95,122,0,108,134,111,183,209,100,226,111,36,77,228,186,205,240,250,62,85,2,30,124,219,188,66,189,161,90,31,139,191,174,16,182,135,216,61,8,101,170,155,216,66,89,162,147,155,205,236,87,165,74,248,9,0,248,2,233,51,145,233,212,153,1,66,21,74,20,78,232,170,73,196,245,39,132,52,198,223,124,156,27,201,244,217,26,36,20,152,8,27,94,120,68,85,105,33,129,220,44,189,93,111,145,178,161,167,22,236,87,36,246,198,122,134,63,30,187,224,231,108,254,190,122,100,154,88,192,227,9,133,104,161,85,224,229,214,112,24,231,53,2,51,247,233,181,120,61
206,147,247,207,77,38,60,50,0,253,206,138,202,91,54,134,153,201,13,106,130,186,223,84,56,34,206,120,231,230,178,181,139,202,15,6,218,175,90,224,114,162,179,183,17,12,213,238,108,118,62,73,91,59,103,21,23,191,124,115,168,157,27,101,48,241,137,99,72,148,14,56,152,169,90,150,142,190,119,100,59,93,31,233,165,85,254,43,57,233,156,84,216,203,245,181,155,149,132,134,206,116,239,182,146,240,160,213,205,233,97,206,96,105,202,205,14,198,145,11,219,119,56,2,142,76,69,7,230,158,128,87,228,112,72,10,254,36,233,216,178,236,226,52,220,77,23,102,90,28,132,194,242,125,76,88,174,160,254,124,91,125,29,218,221,107,15,92,40,29,25,59,252,198,210,183,24,110,152,200,157,41,247,18,6,101,186,59,31,139,17,90,178,71
